accuracy,average_precision,f1,method,precision,recall,roc_auc
0.4838709677419355,0.08265042875229323,0.1330049261083744,Naive Bayes,0.07848837209302326,0.43548387096774194,0.4082206035379813
0.47214076246334313,0.08112743051166628,0.1219512195121951,Logistic Regression,0.07183908045977011,0.4032258064516129,0.40221123829344435
0.4633431085043988,0.2792219016845894,0.21459227467811157,Random Forest,0.12376237623762376,0.8064516129032258,0.6864724245577524
