accuracy,average_precision,f1,method,precision,recall,roc_auc
0.4997644842204428,0.09797557246428326,0.16377952755905512,Naive Bayes,0.09656453110492108,0.538860103626943,0.5200166447421406
0.4828073480923222,0.09328757293210788,0.1488372093023256,Logistic Regression,0.08751139471285324,0.49740932642487046,0.49528980643775666
0.4682053697597739,0.13150242517485672,0.1998582565556343,Random Forest,0.11576354679802955,0.7305699481865285,0.617565572230127
