accuracy,average_precision,f1,method,precision,recall,roc_auc
0.5260695187165776,0.09749688710907188,0.15292712066905617,Naive Bayes,0.0912981455064194,0.47058823529411764,0.5059526384083045
0.5006684491978609,0.09813164583225455,0.1597300337457818,Logistic Regression,0.09428950863213811,0.5220588235294118,0.5118674307958477
0.5614973262032086,0.2436081591387506,0.2545454545454546,Random Forest,0.15053763440860216,0.8235294117647058,0.7469615051903115
