accuracy,average_precision,f1,method,precision,recall,roc_auc
0.48011363636363635,0.10670435924739405,0.17344173441734417,Naive Bayes,0.10137275607180571,0.6,0.54229296875
0.4954545454545455,0.11334183799877587,0.17625231910946196,Logistic Regression,0.10348583877995643,0.59375,0.55048046875
0.5380681818181818,0.23539356804577727,0.25481209899175067,Random Forest,0.14930182599355532,0.86875,0.771578125
