accuracy,average_precision,f1,method,precision,recall,roc_auc
0.5067193675889328,0.09637634622957986,0.16353887399463807,Naive Bayes,0.09667194928684628,0.5304347826086957,0.5165444234404537
0.516205533596838,0.09135298717954247,0.1546961325966851,Logistic Regression,0.09195402298850575,0.48695652173913045,0.5106011342155009
0.5067193675889328,0.2583419350896144,0.24637681159420288,Random Forest,0.14305750350631136,0.8869565217391304,0.7733156899810965
