accuracy,average_precision,f1,method,precision,recall,roc_auc
0.6,0.09436693135161224,0.08333333333333333,Naive Bayes,0.05263157894736842,0.2,0.464
0.5636363636363636,0.09891972274264656,0.14285714285714285,Logistic Regression,0.08695652173913043,0.4,0.472
0.6727272727272727,0.48904761904761895,0.3076923076923077,Random Forest,0.19047619047619047,0.8,0.876
